customer_id,customer_name,region,signup_date,plan_tier
1,Hayden Kim,NA,2025-03-13,Growth
2,Avery Patel,NA,2026-01-15,Growth
3,Taylor Ivanova,LATAM,2024-10-09,Starter
4,Jamie Muller,NA,2026-05-02,Growth
5,Logan Dubois,LATAM,2026-03-01,Starter
6,Quinn Nguyen,EMEA,2025-06-19,Growth
7,Quinn Patel,EMEA,2025-06-15,Enterprise
8,Morgan Smith,LATAM,2025-06-23,Starter
9,Drew Silva,NA,2026-01-06,Growth
10,Morgan Tanaka,NA,2026-04-10,Growth
11,Drew Andersson,EMEA,2024-08-21,Growth
12,Kendall Muller,APAC,2025-03-01,Enterprise
13,Morgan Tanaka,APAC,2025-07-14,Starter
14,Riley Andersson,APAC,2025-04-05,Starter
15,Logan Botha,NA,2024-12-28,Growth
16,Blake Alvarez,EMEA,2025-07-29,Starter
17,Quinn Larsen,EMEA,2024-09-01,Growth
18,Avery Garcia,APAC,2024-09-11,Starter
19,Jamie Ivanova,APAC,2025-11-29,Starter
20,Rowan Larsen,LATAM,2024-11-25,Starter
21,Avery Alvarez,APAC,2025-09-17,Growth
22,Cameron Tanaka,APAC,2024-11-24,Starter
23,Sage Novak,NA,2024-10-26,Growth
24,Casey Larsen,EMEA,2025-09-11,Growth
25,Drew Smith,LATAM,2025-10-28,Starter
26,Sage Silva,NA,2024-10-31,Growth
27,Kendall Dubois,APAC,2025-06-19,Growth
28,Morgan Kowalski,LATAM,2024-07-09,Starter
29,Parker Alvarez,APAC,2025-01-04,Enterprise
30,Sage Kim,APAC,2025-12-07,Growth
31,Drew Chen,EMEA,2024-12-18,Starter
32,Blake Fernandez,NA,2025-11-18,Growth
33,Alex Kim,APAC,2025-05-16,Enterprise
34,Avery Garcia,EMEA,2024-09-24,Enterprise
35,Taylor Alvarez,LATAM,2026-01-02,Growth
36,Casey Patel,LATAM,2024-12-22,Enterprise
37,Quinn Fernandez,LATAM,2026-01-09,Enterprise
38,Parker Yamamoto,EMEA,2025-08-18,Growth
39,Kendall Larsen,APAC,2025-12-17,Starter
40,Finley Kim,EMEA,2025-06-17,Starter
41,Alex Ivanova,EMEA,2024-07-13,Growth
42,Taylor Yamamoto,NA,2024-08-07,Starter
43,Skyler Smith,EMEA,2025-11-15,Starter
44,Jamie Dubois,EMEA,2026-02-10,Growth
45,Cameron Novak,EMEA,2025-08-26,Growth
46,Jamie Kim,NA,2025-07-03,Growth
47,Emerson Osei,LATAM,2024-08-30,Growth
48,Kendall Larsen,NA,2025-06-18,Starter
49,Morgan Muller,EMEA,2025-10-08,Starter
50,Casey Osei,EMEA,2025-03-18,Starter
51,Taylor Haddad,NA,2026-01-10,Starter
52,Alex Smith,EMEA,2025-11-15,Starter
53,Harper Chen,LATAM,2024-12-21,Enterprise
54,Rowan Nguyen,LATAM,2025-10-14,Starter
55,Reese Osei,LATAM,2025-05-05,Starter
56,Jamie Garcia,NA,2024-09-02,Growth
57,Jordan Ivanova,LATAM,2025-12-31,Starter
58,Riley Garcia,NA,2024-09-14,Growth
59,Drew Smith,EMEA,2026-02-09,Starter
60,Avery Ivanova,NA,2025-09-08,Growth
61,Kendall Ivanova,APAC,2025-01-31,Enterprise
62,Kendall Yamamoto,APAC,2025-08-15,Starter
63,Casey Botha,APAC,2024-09-18,Starter
64,Alex Haddad,NA,2025-02-09,Starter
65,Sage Silva,EMEA,2024-09-14,Enterprise
66,Avery Andersson,APAC,2026-01-13,Starter
67,Logan Kowalski,NA,2026-01-24,Growth
68,Reese Botha,NA,2024-11-20,Enterprise
69,Quinn Kim,NA,2024-12-12,Growth
70,Quinn Kowalski,EMEA,2025-01-30,Growth
71,Kendall Larsen,APAC,2025-03-20,Starter
72,Jordan Smith,LATAM,2024-08-20,Growth
73,Alex Rossi,EMEA,2025-03-31,Growth
74,Riley Alvarez,LATAM,2025-09-16,Growth
75,Blake Nguyen,NA,2026-06-13,Starter
76,Casey Dubois,NA,2026-02-22,Growth
77,Blake Patel,LATAM,2025-05-17,Starter
78,Dakota Garcia,APAC,2025-03-18,Starter
79,Kendall Kim,APAC,2025-08-26,Growth
80,Drew Alvarez,EMEA,2025-03-05,Enterprise
81,Riley Johnson,LATAM,2025-06-11,Starter
82,Emerson Botha,EMEA,2026-06-24,Starter
83,Morgan Tanaka,NA,2025-02-18,Growth
84,Jamie Haddad,APAC,2025-02-24,Starter
85,Avery Nguyen,EMEA,2025-04-17,Starter
86,Taylor Silva,APAC,2025-08-19,Growth
87,Kendall Dubois,APAC,2024-11-01,Enterprise
88,Quinn Johnson,APAC,2026-03-08,Starter
89,Emerson Andersson,APAC,2025-12-11,Starter
90,Morgan Tanaka,EMEA,2026-07-01,Starter
91,Emerson Nguyen,EMEA,2024-09-15,Starter
92,Kendall Rossi,APAC,2024-11-10,Growth
93,Parker Kowalski,APAC,2025-06-05,Growth
94,Rowan Yamamoto,APAC,2025-01-18,Growth
95,Emerson Botha,LATAM,2024-12-31,Growth
96,Drew Ivanova,APAC,2024-07-06,Starter
97,Reese Kowalski,EMEA,2026-02-19,Starter
98,Drew Larsen,APAC,2025-10-01,Starter
99,Kendall Chen,LATAM,2024-12-26,Growth
100,Kendall Smith,APAC,2026-04-15,Starter
101,Drew Rossi,NA,2025-03-03,Growth
102,Kendall Kowalski,EMEA,2024-12-03,Growth
103,Alex Garcia,EMEA,2026-03-23,Enterprise
104,Taylor Haddad,LATAM,2026-02-15,Enterprise
105,Jamie Yamamoto,LATAM,2025-03-12,Starter
106,Casey Larsen,NA,2024-10-23,Enterprise
107,Emerson Muller,EMEA,2026-06-18,Growth
108,Sage Haddad,NA,2024-11-07,Growth
109,Finley Patel,LATAM,2026-01-29,Growth
110,Drew Rossi,LATAM,2025-12-04,Growth
111,Emerson Dubois,LATAM,2025-11-04,Enterprise
112,Finley Silva,EMEA,2025-04-15,Growth
113,Sage Novak,EMEA,2024-09-23,Starter
114,Logan Kowalski,EMEA,2025-05-29,Starter
115,Blake Smith,EMEA,2025-08-02,Starter
116,Logan Patel,EMEA,2025-08-27,Starter
117,Skyler Dubois,LATAM,2025-02-02,Starter
118,Emerson Tanaka,NA,2026-02-15,Growth
119,Rowan Novak,NA,2025-05-07,Enterprise
120,Rowan Osei,EMEA,2025-04-11,Starter
121,Emerson Novak,NA,2026-05-21,Starter
122,Kendall Tanaka,EMEA,2024-11-13,Growth
123,Drew Dubois,NA,2026-03-04,Enterprise
124,Cameron Botha,NA,2025-09-17,Starter
125,Casey Haddad,EMEA,2025-07-29,Starter
126,Skyler Chen,LATAM,2025-07-29,Starter
127,Quinn Osei,APAC,2025-10-30,Growth
128,Alex Alvarez,NA,2025-06-29,Enterprise
129,Avery Larsen,NA,2026-05-04,Growth
130,Jordan Nguyen,EMEA,2024-07-26,Starter
131,Drew Patel,EMEA,2026-05-22,Starter
132,Morgan Ivanova,EMEA,2025-03-25,Starter
133,Dakota Johnson,NA,2024-12-20,Growth
134,Reese Kim,NA,2026-02-15,Enterprise
135,Kendall Tanaka,LATAM,2025-01-25,Enterprise
136,Taylor Ivanova,EMEA,2025-05-10,Starter
137,Kendall Costa,NA,2026-02-05,Growth
138,Jordan Andersson,LATAM,2024-09-14,Growth
139,Sage Larsen,APAC,2025-09-09,Starter
140,Harper Kim,LATAM,2026-04-17,Enterprise
141,Finley Yamamoto,EMEA,2025-12-22,Starter
142,Hayden Silva,LATAM,2026-03-04,Starter
143,Quinn Rossi,EMEA,2024-10-02,Growth
144,Quinn Haddad,EMEA,2026-02-09,Growth
145,Drew Botha,LATAM,2025-11-24,Starter
146,Skyler Johnson,LATAM,2025-03-27,Starter
147,Skyler Silva,APAC,2025-12-17,Growth
148,Jamie Smith,EMEA,2025-11-18,Growth
149,Blake Muller,LATAM,2025-11-20,Growth
150,Finley Nguyen,NA,2025-08-24,Starter
151,Logan Muller,APAC,2025-07-18,Growth
152,Harper Dubois,APAC,2026-01-20,Starter
153,Skyler Andersson,LATAM,2025-03-20,Starter
154,Avery Kim,EMEA,2026-01-05,Starter
155,Logan Johnson,EMEA,2025-11-13,Starter
156,Quinn Alvarez,APAC,2025-01-20,Enterprise
157,Reese Muller,APAC,2024-07-20,Starter
158,Logan Dubois,EMEA,2024-08-30,Starter
159,Blake Kowalski,EMEA,2025-11-20,Growth
160,Morgan Nguyen,APAC,2025-09-30,Starter
161,Skyler Johnson,NA,2025-11-07,Starter
162,Morgan Smith,LATAM,2026-02-16,Starter
163,Hayden Botha,NA,2026-02-02,Starter
164,Reese Smith,EMEA,2025-09-05,Starter
165,Drew Costa,EMEA,2025-07-30,Growth
166,Finley Haddad,APAC,2025-09-18,Growth
167,Reese Ivanova,NA,2024-10-15,Growth
168,Jamie Larsen,EMEA,2024-09-27,Starter
169,Riley Muller,EMEA,2024-12-13,Growth
170,Alex Osei,LATAM,2025-10-30,Growth
171,Reese Garcia,EMEA,2025-04-21,Starter
172,Logan Haddad,NA,2025-04-02,Growth
173,Hayden Ivanova,EMEA,2026-01-14,Starter
174,Avery Larsen,EMEA,2024-11-28,Enterprise
175,Taylor Garcia,EMEA,2026-03-07,Growth
176,Parker Ivanova,APAC,2025-10-28,Starter
177,Logan Kowalski,LATAM,2025-11-30,Enterprise
178,Blake Novak,LATAM,2024-08-15,Starter
179,Emerson Alvarez,APAC,2024-08-01,Growth
180,Taylor Muller,NA,2026-05-25,Enterprise
181,Quinn Ivanova,NA,2025-01-01,Growth
182,Harper Fernandez,LATAM,2025-01-07,Enterprise
183,Cameron Osei,LATAM,2025-10-30,Enterprise
184,Dakota Osei,APAC,2024-10-21,Starter
185,Riley Rossi,LATAM,2025-04-27,Growth
186,Kendall Tanaka,NA,2025-05-24,Starter
187,Quinn Rossi,NA,2025-08-23,Enterprise
188,Sage Nguyen,LATAM,2025-01-14,Starter
189,Sage Andersson,LATAM,2024-08-27,Growth
190,Jamie Silva,EMEA,2025-09-27,Enterprise
191,Logan Novak,NA,2026-04-12,Starter
192,Drew Muller,EMEA,2024-07-20,Starter
193,Blake Osei,NA,2024-10-30,Starter
194,Finley Kim,EMEA,2025-04-30,Starter
195,Sage Yamamoto,APAC,2025-11-12,Starter
196,Harper Muller,LATAM,2025-08-02,Growth
197,Jamie Costa,EMEA,2025-04-14,Growth
198,Emerson Rossi,APAC,2025-04-21,Growth
199,Parker Kowalski,LATAM,2025-10-06,Growth
200,Blake Novak,APAC,2026-01-13,Starter
201,Rowan Haddad,APAC,2026-06-20,Growth
202,Avery Ivanova,LATAM,2025-08-30,Starter
203,Jordan Rossi,LATAM,2025-07-31,Growth
204,Rowan Botha,EMEA,2024-08-12,Starter
205,Casey Fernandez,APAC,2025-09-29,Growth
206,Morgan Fernandez,LATAM,2024-11-30,Starter
207,Emerson Larsen,EMEA,2025-04-03,Starter
208,Skyler Costa,LATAM,2025-06-07,Growth
209,Kendall Dubois,LATAM,2026-04-08,Enterprise
210,Logan Novak,NA,2025-03-03,Growth
211,Hayden Botha,APAC,2024-10-06,Enterprise
212,Emerson Kim,NA,2026-06-16,Starter
213,Reese Nguyen,NA,2024-09-01,Starter
214,Reese Andersson,APAC,2025-03-13,Starter
215,Sage Osei,EMEA,2024-09-24,Starter
216,Drew Tanaka,EMEA,2026-02-23,Starter
217,Casey Muller,LATAM,2025-10-19,Growth
218,Quinn Botha,NA,2025-10-25,Enterprise
219,Reese Botha,EMEA,2025-06-24,Starter
220,Cameron Kowalski,LATAM,2025-10-16,Growth
221,Reese Chen,LATAM,2024-10-23,Growth
222,Avery Tanaka,APAC,2026-06-22,Growth
223,Reese Nguyen,LATAM,2026-02-05,Starter
224,Kendall Alvarez,NA,2025-11-26,Enterprise
225,Reese Muller,APAC,2025-01-16,Starter
226,Drew Silva,EMEA,2026-04-09,Growth
227,Hayden Garcia,APAC,2024-08-09,Growth
228,Cameron Andersson,EMEA,2025-05-04,Starter
229,Skyler Alvarez,LATAM,2024-11-18,Starter
230,Blake Andersson,APAC,2025-03-26,Growth
231,Harper Kowalski,APAC,2025-10-28,Growth
232,Taylor Patel,EMEA,2026-05-27,Growth
233,Rowan Dubois,APAC,2025-08-14,Starter
234,Alex Silva,NA,2026-05-25,Starter
235,Parker Botha,APAC,2026-04-20,Growth
236,Dakota Kim,EMEA,2026-04-01,Starter
237,Blake Rossi,EMEA,2026-04-17,Growth
238,Finley Yamamoto,APAC,2024-11-02,Growth
239,Casey Garcia,NA,2025-11-22,Starter
240,Morgan Kim,EMEA,2024-11-21,Enterprise
241,Rowan Haddad,APAC,2026-06-19,Growth
242,Blake Osei,EMEA,2026-05-07,Enterprise
243,Morgan Novak,LATAM,2025-04-18,Enterprise
244,Jordan Yamamoto,APAC,2025-10-04,Starter
245,Avery Andersson,NA,2025-07-17,Enterprise
246,Blake Larsen,APAC,2025-04-14,Starter
247,Jamie Kim,LATAM,2025-02-08,Starter
248,Hayden Larsen,NA,2025-06-12,Starter
249,Avery Patel,EMEA,2026-01-24,Starter
250,Jamie Ivanova,EMEA,2025-03-01,Growth
251,Skyler Patel,NA,2024-12-01,Starter
252,Casey Dubois,APAC,2024-10-26,Growth
253,Kendall Nguyen,EMEA,2025-03-06,Starter
254,Cameron Rossi,NA,2024-08-28,Starter
255,Casey Alvarez,LATAM,2024-09-09,Starter
256,Harper Haddad,APAC,2024-10-25,Starter
257,Finley Fernandez,EMEA,2024-08-19,Enterprise
258,Parker Botha,APAC,2024-08-06,Starter
259,Jordan Novak,LATAM,2024-10-24,Starter
260,Harper Yamamoto,LATAM,2024-09-26,Starter
261,Skyler Costa,EMEA,2025-04-13,Starter
262,Drew Larsen,APAC,2026-03-09,Starter
263,Sage Kowalski,LATAM,2025-09-19,Starter
264,Morgan Yamamoto,NA,2026-05-03,Growth
265,Blake Alvarez,EMEA,2025-02-24,Starter
266,Emerson Rossi,LATAM,2024-10-11,Starter
267,Skyler Osei,APAC,2025-07-24,Growth
268,Casey Botha,LATAM,2024-10-01,Starter
269,Taylor Osei,NA,2025-07-22,Growth
270,Casey Dubois,NA,2026-02-01,Growth
271,Blake Rossi,NA,2026-05-18,Starter
272,Emerson Alvarez,NA,2026-03-12,Enterprise
273,Reese Andersson,NA,2025-02-08,Growth
274,Casey Botha,LATAM,2024-10-24,Starter
275,Dakota Dubois,APAC,2025-04-17,Starter
276,Cameron Muller,LATAM,2026-04-03,Growth
277,Drew Botha,NA,2026-05-10,Growth
278,Logan Silva,NA,2026-06-25,Starter
279,Reese Rossi,APAC,2024-11-29,Starter
280,Cameron Botha,LATAM,2026-04-15,Starter
281,Alex Smith,EMEA,2025-10-13,Starter
282,Skyler Johnson,APAC,2025-06-03,Starter
283,Cameron Costa,NA,2024-12-12,Enterprise
284,Riley Costa,NA,2025-04-10,Growth
285,Finley Botha,LATAM,2025-10-01,Starter
286,Emerson Silva,EMEA,2024-10-30,Growth
287,Dakota Osei,NA,2026-05-31,Starter
288,Cameron Novak,APAC,2025-08-14,Starter
289,Drew Garcia,NA,2025-02-07,Starter
290,Casey Silva,APAC,2024-07-13,Starter
291,Harper Alvarez,LATAM,2025-07-30,Starter
292,Blake Yamamoto,EMEA,2026-05-21,Starter
293,Dakota Smith,LATAM,2024-08-18,Growth
294,Emerson Nguyen,LATAM,2025-05-22,Enterprise
295,Cameron Osei,LATAM,2025-09-06,Growth
296,Reese Kim,LATAM,2025-06-03,Starter
297,Riley Costa,LATAM,2025-07-11,Growth
298,Taylor Osei,NA,2026-03-01,Starter
299,Rowan Fernandez,NA,2025-05-19,Starter
300,Parker Rossi,EMEA,2024-12-25,Starter
301,Taylor Fernandez,NA,2025-01-20,Starter
302,Dakota Andersson,EMEA,2024-12-02,Starter
303,Quinn Chen,EMEA,2026-05-08,Growth
304,Taylor Johnson,LATAM,2026-02-03,Starter
305,Cameron Haddad,APAC,2026-04-09,Growth
306,Skyler Patel,LATAM,2025-10-01,Starter
307,Hayden Kowalski,APAC,2025-07-01,Growth
308,Sage Smith,APAC,2024-08-13,Starter
309,Jordan Andersson,APAC,2024-10-06,Starter
310,Drew Costa,LATAM,2026-01-24,Starter
311,Parker Garcia,LATAM,2026-02-11,Enterprise
312,Hayden Chen,APAC,2025-12-01,Growth
313,Casey Garcia,LATAM,2025-06-22,Starter
314,Logan Smith,EMEA,2026-06-30,Starter
315,Finley Haddad,EMEA,2025-04-21,Starter
316,Rowan Osei,APAC,2024-08-28,Growth
317,Hayden Larsen,APAC,2024-10-10,Starter
318,Blake Botha,LATAM,2026-05-09,Starter
319,Drew Patel,APAC,2026-05-16,Starter
320,Casey Andersson,APAC,2026-06-21,Enterprise
321,Kendall Tanaka,EMEA,2024-09-30,Growth
322,Reese Dubois,LATAM,2025-06-07,Growth
323,Casey Botha,NA,2025-09-12,Growth
324,Sage Andersson,NA,2025-01-06,Starter
325,Jamie Rossi,LATAM,2024-11-23,Starter
326,Casey Smith,APAC,2024-10-17,Growth
327,Sage Dubois,NA,2026-03-30,Growth
328,Casey Costa,LATAM,2025-01-07,Starter
329,Logan Costa,EMEA,2024-08-19,Growth
330,Emerson Andersson,EMEA,2026-03-23,Enterprise
331,Reese Alvarez,LATAM,2025-03-07,Starter
332,Reese Novak,EMEA,2026-02-10,Starter
333,Finley Haddad,APAC,2025-12-02,Growth
334,Sage Osei,EMEA,2026-03-17,Growth
335,Casey Silva,NA,2025-07-21,Growth
336,Blake Kim,NA,2024-12-17,Starter
337,Quinn Haddad,EMEA,2024-10-07,Growth
338,Avery Haddad,APAC,2025-09-03,Enterprise
339,Jordan Tanaka,APAC,2024-09-27,Starter
340,Dakota Muller,NA,2024-10-15,Starter
341,Logan Larsen,APAC,2024-11-23,Growth
342,Jordan Kowalski,LATAM,2024-11-25,Growth
343,Logan Novak,LATAM,2024-09-25,Growth
344,Alex Silva,EMEA,2026-01-18,Growth
345,Parker Costa,LATAM,2025-04-27,Starter
346,Avery Kowalski,NA,2025-09-08,Starter
347,Hayden Costa,LATAM,2025-11-29,Starter
348,Drew Dubois,NA,2026-02-14,Growth
349,Avery Yamamoto,EMEA,2024-07-07,Starter
350,Drew Andersson,EMEA,2025-01-13,Growth
351,Kendall Botha,NA,2025-07-10,Starter
352,Taylor Fernandez,NA,2025-10-30,Starter
353,Jordan Larsen,LATAM,2025-03-22,Enterprise
354,Parker Nguyen,APAC,2025-06-24,Growth
355,Avery Alvarez,NA,2025-06-11,Growth
356,Casey Garcia,APAC,2026-04-25,Starter
357,Riley Botha,LATAM,2025-11-08,Enterprise
358,Hayden Johnson,EMEA,2025-10-17,Starter
359,Jordan Kowalski,EMEA,2025-01-26,Starter
360,Jordan Rossi,APAC,2026-01-13,Starter
361,Harper Silva,NA,2025-01-17,Growth
362,Reese Andersson,NA,2025-06-10,Growth
363,Quinn Kim,APAC,2025-08-19,Starter
364,Parker Haddad,LATAM,2025-01-13,Starter
365,Harper Yamamoto,LATAM,2025-12-19,Starter
366,Quinn Smith,LATAM,2026-03-14,Starter
367,Riley Dubois,APAC,2024-09-25,Starter
368,Skyler Botha,APAC,2026-03-15,Starter
369,Logan Osei,EMEA,2025-06-30,Growth
370,Finley Garcia,APAC,2025-09-24,Growth
371,Quinn Larsen,NA,2026-04-19,Starter
372,Rowan Andersson,EMEA,2024-11-29,Enterprise
373,Drew Botha,LATAM,2024-09-12,Starter
374,Avery Larsen,APAC,2026-02-06,Starter
375,Jordan Costa,EMEA,2025-07-20,Growth
376,Dakota Haddad,NA,2025-12-30,Growth
377,Dakota Tanaka,APAC,2025-03-18,Growth
378,Morgan Nguyen,EMEA,2025-08-06,Starter
379,Blake Kim,APAC,2026-06-26,Growth
380,Finley Chen,APAC,2025-11-20,Growth
381,Jamie Kim,EMEA,2025-10-11,Growth
382,Riley Yamamoto,LATAM,2026-06-04,Enterprise
383,Skyler Botha,APAC,2026-01-20,Growth
384,Blake Kowalski,APAC,2026-07-04,Growth
385,Logan Yamamoto,EMEA,2025-12-08,Growth
386,Avery Kim,EMEA,2025-03-05,Growth
387,Harper Nguyen,APAC,2025-07-18,Growth
388,Finley Dubois,EMEA,2024-10-02,Growth
389,Taylor Kowalski,LATAM,2025-11-08,Enterprise
390,Sage Osei,LATAM,2024-09-19,Growth
391,Casey Rossi,NA,2026-06-02,Starter
392,Sage Andersson,EMEA,2026-01-21,Enterprise
393,Hayden Ivanova,EMEA,2024-11-15,Growth
394,Emerson Fernandez,NA,2025-12-18,Growth
395,Casey Kowalski,EMEA,2026-07-02,Starter
396,Avery Andersson,APAC,2025-03-19,Growth
397,Jamie Larsen,APAC,2025-05-12,Starter
398,Drew Dubois,NA,2024-12-25,Starter
399,Cameron Ivanova,EMEA,2026-04-06,Starter
400,Parker Costa,APAC,2026-02-03,Growth
401,Jordan Nguyen,NA,2026-04-23,Starter
402,Cameron Silva,EMEA,2025-09-05,Growth
403,Drew Larsen,NA,2026-04-09,Starter
404,Blake Kowalski,APAC,2026-06-07,Starter
405,Rowan Kowalski,LATAM,2024-09-05,Starter
406,Riley Haddad,LATAM,2025-01-30,Starter
407,Skyler Costa,EMEA,2025-05-28,Starter
408,Parker Andersson,LATAM,2025-07-20,Starter
409,Sage Dubois,NA,2025-10-26,Starter
410,Morgan Silva,LATAM,2024-10-13,Starter
411,Jordan Kowalski,LATAM,2025-09-07,Growth
412,Avery Johnson,APAC,2025-05-22,Enterprise
413,Jamie Johnson,LATAM,2025-10-27,Enterprise
414,Harper Kowalski,LATAM,2025-08-12,Starter
415,Sage Haddad,EMEA,2025-07-02,Starter
416,Jordan Garcia,APAC,2026-05-06,Starter
417,Kendall Novak,APAC,2024-10-24,Starter
418,Emerson Patel,APAC,2025-08-22,Growth
419,Dakota Garcia,LATAM,2026-02-01,Starter
420,Jamie Andersson,APAC,2025-12-04,Starter
421,Finley Dubois,APAC,2026-04-05,Growth
422,Kendall Costa,NA,2024-10-13,Starter
423,Rowan Andersson,APAC,2025-07-15,Growth
424,Casey Chen,LATAM,2024-08-21,Starter
425,Jordan Patel,APAC,2025-12-19,Growth
426,Finley Patel,EMEA,2026-03-25,Starter
427,Skyler Johnson,LATAM,2025-05-08,Enterprise
428,Cameron Rossi,LATAM,2025-05-08,Growth
429,Harper Nguyen,APAC,2024-10-26,Starter
430,Emerson Ivanova,APAC,2026-06-10,Growth
431,Hayden Nguyen,LATAM,2026-05-08,Starter
432,Cameron Ivanova,EMEA,2026-02-23,Growth
433,Harper Johnson,LATAM,2026-06-03,Starter
434,Avery Garcia,NA,2025-09-30,Starter
435,Skyler Osei,EMEA,2025-01-30,Starter
436,Emerson Fernandez,LATAM,2024-09-07,Enterprise
437,Logan Patel,EMEA,2026-05-15,Growth
438,Harper Fernandez,LATAM,2024-12-30,Starter
439,Finley Dubois,APAC,2026-05-29,Starter
440,Parker Botha,APAC,2025-01-18,Growth
441,Avery Silva,APAC,2025-05-06,Starter
442,Reese Yamamoto,EMEA,2025-11-18,Growth
443,Skyler Novak,APAC,2025-04-12,Growth
444,Reese Kim,LATAM,2025-08-14,Enterprise
445,Dakota Patel,APAC,2024-09-24,Starter
446,Dakota Haddad,APAC,2025-02-10,Growth
447,Jamie Dubois,APAC,2026-06-18,Enterprise
448,Quinn Patel,NA,2026-02-26,Growth
449,Avery Muller,NA,2025-12-31,Growth
450,Avery Larsen,EMEA,2025-09-02,Starter
451,Skyler Yamamoto,LATAM,2024-11-23,Starter
452,Alex Dubois,EMEA,2025-11-05,Starter
453,Harper Larsen,EMEA,2025-04-26,Growth
454,Skyler Kowalski,NA,2024-10-05,Enterprise
455,Hayden Ivanova,EMEA,2024-08-13,Starter
456,Riley Osei,EMEA,2024-08-12,Enterprise
457,Rowan Novak,EMEA,2025-04-28,Enterprise
458,Jordan Nguyen,APAC,2024-10-23,Growth
459,Skyler Kowalski,LATAM,2026-01-13,Enterprise
460,Sage Novak,EMEA,2025-10-28,Growth
461,Quinn Chen,NA,2025-10-18,Starter
462,Hayden Silva,EMEA,2025-06-16,Starter
463,Reese Ivanova,EMEA,2026-04-21,Starter
464,Rowan Osei,APAC,2026-05-22,Starter
465,Morgan Johnson,EMEA,2025-03-17,Starter
466,Alex Silva,LATAM,2025-04-05,Starter
467,Skyler Kowalski,NA,2025-07-09,Starter
468,Logan Muller,NA,2025-10-25,Growth
469,Reese Johnson,LATAM,2026-06-26,Growth
470,Reese Yamamoto,NA,2025-05-04,Growth
471,Dakota Costa,EMEA,2024-11-19,Starter
472,Harper Patel,LATAM,2026-03-18,Growth
473,Dakota Osei,LATAM,2026-05-17,Growth
474,Jamie Muller,NA,2025-12-28,Starter
475,Logan Andersson,NA,2024-10-28,Enterprise
476,Jordan Dubois,EMEA,2024-12-06,Growth
477,Riley Rossi,LATAM,2025-02-01,Starter
478,Logan Ivanova,LATAM,2025-12-10,Starter
479,Finley Garcia,LATAM,2025-09-04,Starter
480,Finley Ivanova,NA,2026-05-25,Growth
481,Reese Alvarez,NA,2024-07-09,Starter
482,Parker Chen,NA,2025-06-23,Starter
483,Logan Smith,NA,2024-09-14,Enterprise
484,Harper Garcia,APAC,2024-11-21,Starter
485,Hayden Alvarez,LATAM,2025-08-01,Starter
486,Finley Tanaka,LATAM,2026-05-14,Starter
487,Blake Patel,APAC,2026-01-07,Starter
488,Rowan Fernandez,EMEA,2025-02-19,Growth
489,Alex Nguyen,APAC,2026-01-14,Starter
490,Emerson Dubois,LATAM,2025-03-16,Growth
491,Finley Andersson,EMEA,2024-10-29,Starter
492,Jordan Botha,LATAM,2024-07-22,Growth
493,Avery Chen,NA,2024-08-09,Starter
494,Finley Costa,NA,2024-08-20,Starter
495,Rowan Haddad,EMEA,2024-09-01,Starter
496,Casey Fernandez,APAC,2026-02-15,Starter
497,Skyler Ivanova,APAC,2024-11-29,Starter
498,Kendall Fernandez,EMEA,2025-04-13,Starter
499,Jordan Dubois,EMEA,2025-09-16,Growth
500,Blake Novak,NA,2026-04-25,Enterprise
